{
  "zone_number": 21,
  "hemisphere": "S",
  "ul_easting": 354035.0,
  "ul_northing": 6182717.0,
  "lr_easting": 354780.0,
  "lr_northing": 6182035.0,
  "width": 745.0,
  "height": 682.0,
  "lat_min": -34.49307825177782,
  "lat_max": -34.48682492787334,
  "lon_min": -58.5897697862607,
  "lon_max": -58.58154229588095,
  "alt_min": -20.0,
  "alt_max": 100.0
}