{
  "0000_WV03_14NOV15_135121-P1BS-500171606160_05_P005.png": [
    1487,
    1439,
    845672.8975312338,
    841414.1163089859,
    31338.884541273004,
    -88740.82855519415,
    2994.583378932283,
    0.06990067136763646,
    -0.008185588655228223,
    0.9847127546345394,
    -0.15933512839539968,
    -15511.128647961023,
    45106.16367030627,
    424093.5417722097
  ],
  "0001_WV03_15JAN05_135727-P1BS-500497282040_01_P001.png": [
    2335,
    2231,
    4258228.829864438,
    4214824.174304112,
    -45501.015424658086,
    -582614.533905102,
    -3598.9150830314725,
    0.000739817672837825,
    0.9999664522369828,
    -8.169364183982566e-05,
    0.008157229710011961,
    14907.354383642334,
    186409.39023937774,
    1346019.8330241765
  ],
  "0002_WV03_15JAN11_135414-P1BS-500497283010_01_P001.png": [
    2357,
    2223,
    1297139.3086518773,
    1295390.5830328935,
    8676.029678998113,
    -19208.282422340602,
    382.9302820459475,
    0.04596421460946833,
    0.0004682523737546633,
    0.9988627207745617,
    0.01266241532603846,
    -2368.2925733524526,
    6407.7966483570635,
    408544.6620719059
  ],
  "0003_WV03_15JAN23_134652-P1BS-500497282020_01_P001.png": [
    2123,
    2111,
    4613770.135460143,
    4328659.839446494,
    -53112.97179078152,
    1569224.4090412115,
    23417.366240167583,
    0.1966731725534398,
    0.027552988425435743,
    0.9706359770345585,
    0.13574349381373915,
    21297.01487357194,
    -568773.7744333805,
    1570015.1618042467
  ],
  "0004_WV03_15FEB06_141035-P1BS-500497283080_01_P001.png": [
    2043,
    2025,
    5119052.534534962,
    4922747.994846672,
    31181.27720210138,
    -1398108.7026244726,
    1362.2870521870773,
    -0.2289372786576228,
    0.02813467429739572,
    0.9652172083626099,
    -0.12309306732595286,
    -10610.527213992818,
    506694.43944525905,
    1782783.2294936841
  ],
  "0005_WV03_15FEB11_135123-P1BS-500497282030_01_P001.png": [
    2265,
    2251,
    1300166.4383621463,
    1299817.13933798,
    13040.76257794671,
    -6027.846664679776,
    21.27713860094791,
    0.12262797648914738,
    0.01171210340474062,
    0.9876920475374558,
    0.09638270201276854,
    -3919.813663761815,
    2334.8162211483577,
    426563.2708108476
  ],
  "0006_WV03_15FEB12_140652-P1BS-500497283100_01_P001.png": [
    2164,
    2216,
    1280923.9263743546,
    1271300.7292175977,
    -8572.743809480175,
    144551.0581586416,
    2814.3281466504395,
    -0.17876225208121527,
    -0.026109911193196948,
    0.9725363052358129,
    0.14674966700680844,
    3392.581290759157,
    -48880.62149571825,
    433122.1164394998
  ],
  "0007_WV03_15MAR08_134953-P1BS-500497284060_01_P001.png": [
    2143,
    2144,
    4343172.948339382,
    3931574.967618964,
    -55594.666027675106,
    1822701.9644868372,
    29627.141486879973,
    0.1885106915639812,
    0.032464050288114166,
    0.9673127811926507,
    0.16648059330234038,
    23798.300868885766,
    -681016.1730601802,
    1469832.4324393852
  ],
  "0008_WV03_15MAR15_140133-P1BS-500497284070_01_P001.png": [
    2266,
    2194,
    3644115.6425564215,
    3455513.33946543,
    84409.3164315317,
    -1146872.9386998713,
    22376.133368481216,
    -0.041888903659659735,
    -0.0024073915272948077,
    0.9990585690298456,
    -0.011022697685380058,
    -29761.48350474226,
    397267.77872177097,
    1195868.7376878618
  ],
  "0009_WV03_15MAR21_135704-P1BS-500497282060_01_P001.png": [
    2283,
    2206,
    3909616.640994084,
    3844833.9671810362,
    -8770.524754705912,
    -672995.5125551053,
    -5013.06771753732,
    0.04263409743609121,
    0.0036067450083457826,
    0.9977333771313024,
    0.05193682012234719,
    3507.3958441916343,
    223116.4716594757,
    1272672.8374665566
  ],
  "0010_WV03_15MAR22_141208-P1BS-500497285090_01_P001.png": [
    2083,
    2077,
    1237711.2453259565,
    1232308.7957032428,
    -1026.6695598195702,
    78019.6857599073,
    -1047.7364021581207,
    -0.22164036425700204,
    -0.013134539235502214,
    0.9734528332159205,
    0.05561127866711899,
    716.6399401352253,
    -26582.93049982711,
    425512.85882989387
  ],
  "0011_WV03_15APR02_134718-P1BS-500497282050_01_P001.png": [
    1928,
    2056,
    4434421.980666196,
    3852062.745277583,
    238257.25224577982,
    2213272.2450124314,
    -140580.83951473303,
    0.28711776557528323,
    0.06413324996916554,
    0.9351777302173935,
    0.19721289979332826,
    -114634.53591702129,
    -917708.2277703476,
    1597964.4755168674
  ],
  "0012_WV03_15APR02_134804-P1BS-500497284080_01_P001.png": [
    1985,
    2194,
    4021529.7690041475,
    4049347.6656029145,
    611981.7198658137,
    382659.75673945405,
    -55581.12689728408,
    0.2764228281878615,
    0.03767374523441186,
    0.9330043832889509,
    0.2273190043534442,
    -225922.2358569611,
    -138933.45642271475,
    1474214.019317537
  ],
  "0013_WV03_15APR03_140238-P1BS-500497283030_01_P001.png": [
    2331,
    2227,
    4166147.500692748,
    4096462.449665746,
    47179.38142169608,
    733495.309063254,
    -5959.635978070604,
    -0.00871492796419105,
    6.404901363446759e-05,
    0.9999571336509834,
    0.0031267856997556935,
    -14917.558079208922,
    -235994.9244145709,
    1320068.5514761028
  ],
  "0014_WV03_15APR22_140347-P1BS-500497282070_01_P001.png": [
    2358,
    2239,
    1300273.1117075093,
    1296588.9727749291,
    -522.486694632376,
    74326.44676459416,
    712.4155090155073,
    -0.038422676305169025,
    -0.002523608019214408,
    0.9970326453548459,
    0.0666575835507981,
    552.18717896999,
    -23110.21128254736,
    409242.2638433266
  ],
  "0015_WV03_15MAY04_135349-P1BS-500497283060_01_P001.png": [
    2195,
    2249,
    1296969.572862,
    1297863.6320818318,
    10745.097956551237,
    -7756.02746381395,
    639.5102414531098,
    0.15505021791472207,
    0.018542366441864626,
    0.9807956141989377,
    0.11685706542379647,
    -3264.569833100541,
    2971.271489777835,
    436160.3804520184
  ],
  "0016_WV03_15MAY05_140810-P1BS-500497282090_01_P001.png": [
    2176,
    2103,
    3351800.76737268,
    3201954.138187787,
    61339.80594107631,
    985022.2506720967,
    -15204.321010894382,
    -0.06056001646811869,
    0.005875794144208087,
    0.9962339511032497,
    -0.061772761940550695,
    -22250.48138339246,
    -353117.8887964757,
    1149171.7283884159
  ],
  "0017_WV03_15JUN12_140737-P1BS-500497284090_01_P001.png": [
    2159,
    2130,
    3280382.1402027896,
    3067635.9965022015,
    96305.31809011506,
    -1160705.2306641706,
    31020.178174393728,
    -0.07533087228450246,
    -0.0074573817608491995,
    0.9967857419581039,
    0.026226546992719677,
    -36892.0934935219,
    428550.4965556313,
    1131644.3933669291
  ],
  "0018_WV03_15JUN18_140207-P1BS-500497285040_01_P001.png": [
    2276,
    2241,
    3687003.2653980544,
    3443983.6513224747,
    -62559.235492484564,
    1294705.6629163756,
    26629.715644723306,
    0.07797799537574654,
    0.0007750409142895263,
    0.995739825331749,
    0.04920398151633072,
    24105.563185200397,
    -453141.9639857118,
    1206475.519267365
  ],
  "0019_WV03_15JUN19_141753-P1BS-500497283090_01_P001.png": [
    2047,
    2001,
    4928300.851422282,
    4537967.94457897,
    15917.004894758747,
    -1925824.367371743,
    2799.8378380344748,
    -0.22761187473263972,
    0.04557026444202879,
    0.9527178960671963,
    -0.1960734454041945,
    -5563.657282380667,
    727024.6566989762,
    1712247.8306372715
  ],
  "0020_WV03_15JUN24_135730-P1BS-500497285080_01_P001.png": [
    2113,
    2230,
    3719274.772711753,
    3355272.3370303493,
    -77829.7798360389,
    1586835.7681430562,
    43780.69560120979,
    0.17203276862880826,
    0.01046193711228987,
    0.981757061774835,
    0.0803015942868411,
    34353.874198327845,
    -606805.4100268364,
    1283996.0357373906
  ],