{
  "zone_number": 21,
  "hemisphere": "S",
  "ul_easting": 355028.0,
  "ul_northing": 6187389.0,
  "lr_easting": 355454.0,
  "lr_northing": 6186992.0,
  "width": 426.0,
  "height": 397.0,
  "lat_min": -34.44848660973361,
  "lat_max": -34.44484796091968,
  "lon_min": -58.57811663737449,
  "lon_max": -58.57341376307631,
  "alt_min": -20.0,
  "alt_max": 90.0
}