{
  "0000_WV03_14NOV15_135121-P1BS-500171606160_05_P005.png": [
    862,
    856,
    836722.0969371345,
    834736.030952257,
    32649.954737202064,
    -69963.12207676312,
    2064.480654277754,
    0.069367973252567,
    -0.006938941363507059,
    0.9876167863827101,
    -0.14054543263540628,
    -16198.24978308551,
    35280.73839630105,
    418208.0908958012
  ],
  "0001_WV03_15JAN05_135727-P1BS-500497282040_01_P001.png": [
    1338,
    1315,
    4348569.649471925,
    4307138.184033701,
    -52874.01506275455,
    -570549.9921183126,
    -1085.4304305164812,
    -0.002397619321495405,
    0.9999702279778081,
    -0.00020166683691803238,
    0.007331705810144137,
    16968.65559269293,
    182293.09126327373,
    1374615.1550821792
  ],
  "0002_WV03_15JAN11_135414-P1BS-500497283010_01_P001.png": [
    1358,
    1306,
    1289211.1754763345,
    1288613.4809432258,
    10578.16799068949,
    523.9023746147959,
    37.83838047376405,
    0.045068616002937816,
    0.0011174760608021624,
    0.9985596187961925,
    0.029090527812950507,
    -3123.836538186224,
    39.60796786530409,
    406263.3724016694
  ],
  "0003_WV03_15JAN23_134652-P1BS-500497282020_01_P001.png": [
    1263,
    1236,
    4777214.998606584,
    4500741.071728151,
    -92151.98850985934,
    1572751.5399391595,
    37786.085512300386,
    0.19314388969423013,
    0.025496480045916103,
    0.9721310323364019,
    0.1304094450092205,
    36050.82450082616,
    -567989.6923800325,
    1626066.050551895
  ],
  "0004_WV03_15FEB06_141035-P1BS-500497283080_01_P001.png": [
    1222,
    1181,
    5090538.922781134,
    4732226.25533452,
    81155.14462995679,
    -1885019.1293213118,
    25481.89539054513,
    -0.22202250241496035,
    0.03885173908390954,
    0.9588964725752258,
    -0.17237779925020583,
    -31564.200432577774,
    706481.038307315,
    1773023.5504711245
  ],
  "0005_WV03_15FEB11_135123-P1BS-500497282030_01_P001.png": [
    1322,
    1337,
    1297247.985620972,
    1298218.00197593,
    16459.443121926928,
    24696.08037370517,
    -385.9939689392853,
    0.12220682898143191,
    0.013956741988673868,
    0.9855875886949058,
    0.11613701095656788,
    -5209.450551430403,
    -7908.3025426096865,
    426606.2131823466
  ],
  "0006_WV03_15FEB12_140652-P1BS-500497283100_01_P001.png": [
    1277,
    1310,
    1274651.6433207318,
    1262547.0991725791,
    -9938.634764879784,
    149982.87228954135,
    3697.014124000947,
    -0.18032799608935937,
    -0.027726447305410195,
    0.9706567749210263,
    0.15664764041034437,
    3756.8154757391694,
    -51174.429634225904,
    432579.81230493094
  ],
  "0007_WV03_15MAR08_134953-P1BS-500497284060_01_P001.png": [
    1272,
    1256,
    4563929.677046064,
    4197985.435683646,
    -97976.27118850265,
    1750262.2622543848,
    44213.473443952375,
    0.18507952851905624,
    0.027617686748462034,
    0.9711411320818092,
    0.14787742586578184,
    39597.55448159119,
    -643915.0010928635,
    1544991.8239066266
  ],
  "0008_WV03_15MAR15_140133-P1BS-500497284070_01_P001.png": [
    1310,
    1312,
    3633953.153356497,
    3408129.7996842344,
    95238.10696406201,
    -1251802.1158082453,
    26623.287084771753,
    -0.040228165577441896,
    -0.0023353294447560984,
    0.9988320620485227,
    -0.026659946634504123,
    -34246.677646724245,
    438263.3789867682,
    1192622.2492487421
  ],
  "0009_WV03_15MAR21_135704-P1BS-500497282060_01_P001.png": [
    1317,
    1316,
    3903798.049868331,
    3804026.6916892277,
    -13644.04770711653,
    -833115.234229176,
    -7241.8158382181255,
    0.04226548106925115,
    0.0027325399611518165,
    0.998626000861795,
    0.030858916671261474,
    5167.317673442736,
    278515.9962956209,
    1270774.4231919162
  ],
  "0010_WV03_15MAR22_141208-P1BS-500497285090_01_P001.png": [
    1238,
    1222,
    1231439.6141013873,
    1223690.9044024816,
    -1936.776542513541,
    105029.97154714192,
    803.8784148849177,
    -0.22291823396295576,
    -0.017222359952072597,
    0.9718687646925901,
    0.07404022892601866,
    928.7488605000739,
    -36198.71261539095,
    424200.2326183048
  ],
  "0011_WV03_15APR02_134718-P1BS-500497282050_01_P001.png": [
    1161,
    1204,
    4910021.75316432,
    4504311.120242557,
    255110.84024312935,
    1960173.659421259,
    -112151.35751188682,
    0.28785332239872524,
    0.04743314808153002,
    0.9453633518363938,
    0.14552901515419553,
    -109307.86951675569,
    -769569.0071124323,
    1768955.9360167978
  ],
  "0012_WV03_15APR02_134804-P1BS-500497284080_01_P001.png": [
    1182,
    1309,
    4072803.2393835313,
    4106066.5750009906,
    595917.6004919454,
    158597.96795563944,
    -22644.811818842205,
    0.2746363295725138,
    0.03075460659461272,
    0.9396771765955512,
    0.20158334365111036,
    -218456.77964733428,
    -57417.23695297004,
    1492182.1895396258
  ],
  "0013_WV03_15APR03_140238-P1BS-500497283030_01_P001.png": [
    1337,
    1318,
    4229053.320315181,
    4154513.934923813,
    53199.39207250745,
    760771.3478433433,
    -6889.367123424502,
    -0.007847850624181045,
    0.000188776385743894,
    0.9999570313832102,
    0.004930617743676077,
    -17045.144140525026,
    -245164.97729552956,
    1340049.9714074044
  ],
  "0014_WV03_15APR22_140347-P1BS-500497282070_01_P001.png": [
    1357,
    1315,
    1290842.957010387,
    1286071.5786123641,
    -87.04933131754849,
    65637.72640754262,
    808.707120084743,
    -0.03982901242003394,
    -0.002722904417004075,
    0.9965836163876879,
    0.07230028429279285,
    258.18049640002926,
    -20564.410872253036,
    406930.8394602044
  ],
  "0015_WV03_15MAY04_135349-P1BS-500497283060_01_P001.png": [
    1290,
    1337,
    1300300.5195820408,
    1300708.3500804105,
    14829.934526113242,
    42702.53075063058,
    328.1915374031941,
    0.1546279652628919,
    0.02251054568572549,
    0.9772284303034208,
    0.14355508593672703,
    -4795.986969572021,
    -14181.440539604577,
    438446.3426513199
  ],
  "0016_WV03_15MAY05_140810-P1BS-500497282090_01_P001.png": [
    1261,
    1271,
    3466104.510094672,
    3343833.592820053,
    81610.14438306403,
    911514.8354387803,
    -15260.955947161494,
    -0.058027152139559834,
    0.007735653667703131,
    0.9952778298842925,
    -0.07742771220770475,
    -29176.66995941961,
    -323635.30746229645,
    1188150.0910118665
  ],
  "0017_WV03_15JUN12_140737-P1BS-500497284090_01_P001.png": [
    1256,
    1283,
    3243637.4171743407,
    2996851.915986485,
    109449.65979569936,
    -1234954.2963961705,
    36029.90649492226,
    -0.07322595956611275,
    -0.007339439218741687,
    0.9972150934359132,
    0.012089205978044736,
    -42674.611605944265,
    461532.7058373161,
    1119470.103367113
  ],
  "0018_WV03_15JUN18_140207-P1BS-500497285040_01_P001.png": [
    1323,
    1335,
    3832890.513834989,
    3624934.6320700995,
    -80324.13783341902,
    1218956.3107917986,
    32850.51578027208,
    0.0762258502902442,
    -0.0012031061773578578,
    0.9965814392905344,
    0.03183719750012822,
    30105.448488805843,
    -421538.19743389264,
    1254310.0736288093
  ],
  "0019_WV03_15JUN19_141753-P1BS-500497283090_01_P001.png": [
    1224,
    1167,
    5311165.300436908,
    5076135.636390196,
    85003.21665507111,
    -1599473.4309483361,
    26203.508986331875,
    -0.22296083366014396,
    0.03369520518718712,
    0.9626011556911684,
    -0.15017361573523472,
    -32170.70346461984,
    581711.8614445401,
    1845454.4827059782
  ],
  "0020_WV03_15JUN24_135730-P1BS-500497285080_01_P001.png": [
    1252,
    1325,
    3827409.0223477012,
    3464270.7662987453,
    -105889.7617798175,
    1603813.594095367,
    57976.3840148257,
    0.16881396827562795,
    0.008461359132490714,
    0.9826084604164574,
    0.0768821372925167,
    46018.51407372024,
    -611519.4568298832,
    1321477.6031814357
  ],