{
  "0000_WV03_14NOV15_135121-P1BS-500171606160_05_P005.png": [
    740,
    755,
    830044.530458937,
    827762.1285013233,
    32647.81533330314,
    -72512.67453464888,
    2317.3171810162644,
    0.07001223435071519,
    -0.007240159608240069,
    0.9868501512348934,
    -0.14550823391731457,
    -16262.57381704426,
    36592.65071765991,
    415396.6803820746
  ],
  "0001_WV03_15JAN05_135727-P1BS-500497282040_01_P001.png": [
    1151,
    1161,
    4487582.72562107,
    4443803.033998237,
    -55548.722384217406,
    -598775.2815502649,
    -2049.7162456459723,
    -0.0011919685456167042,
    0.9999710409573502,
    -0.00016387586289827124,
    0.0075146258962939284,
    17826.773867543234,
    191322.88814562815,
    1418571.999298709
  ],
  "0002_WV03_15JAN11_135414-P1BS-500497283010_01_P001.png": [
    1169,
    1149,
    1276065.851354614,
    1275153.6509786039,
    10186.128081459767,
    -12647.942222406045,
    311.4176789204078,
    0.045491743823203604,
    0.0007556853414738997,
    0.9987516060092926,
    0.020619400511357105,
    -3029.8078648866367,
    4168.307913494471,
    402010.0206354293
  ],
  "0003_WV03_15JAN23_134652-P1BS-500497282020_01_P001.png": [
    1091,
    1089,
    4975745.684833913,
    4706194.15991509,
    -112734.78737633182,
    1583580.941110472,
    43249.8583818057,
    0.1913770031120112,
    0.02404946912965542,
    0.9732509588401455,
    0.12481601191828162,
    43483.652334734834,
    -569624.2104533433,
    1693441.6743837448
  ],
  "0004_WV03_15FEB06_141035-P1BS-500497283080_01_P001.png": [
    1057,
    1041,
    5349452.343146173,
    5023422.718273532,
    103357.04255790732,
    -1845766.4017339703,
    29790.72172799758,
    -0.22107237111861128,
    0.03552255734447828,
    0.9614620533061403,
    -0.15954897273264987,
    -39614.44023154717,
    684955.7424489679,
    1863644.405012512
  ],
  "0005_WV03_15FEB11_135123-P1BS-500497282030_01_P001.png": [
    1141,
    1177,
    1280658.4887737248,
    1281554.5631584509,
    16249.698933184509,
    -5911.882806968086,
    -5.63631574167414,
    0.1228680176733469,
    0.012158603403542979,
    0.9871464559686722,
    0.101476564115995,
    -5161.297287003398,
    2121.913687488239,
    420724.2784378426
  ],
  "0006_WV03_15FEB12_140652-P1BS-500497283100_01_P001.png": [
    1103,
    1154,
    1263719.4973621587,
    1250380.3418325617,
    -10137.807553179651,
    163543.45213030986,
    3643.863139224644,
    -0.17996233033839748,
    -0.028353383460256395,
    0.9702295814434851,
    0.15957507511365576,
    3800.904415535324,
    -55831.1870777352,
    428304.2731321734
  ],
  "0007_WV03_15MAR08_134953-P1BS-500497284060_01_P001.png": [
    1099,
    1107,
    4636173.617320961,
    4198837.764188316,
    -106272.7084848502,
    1931529.3256064355,
    53226.89296577151,
    0.18329905406998345,
    0.030674809695771004,
    0.9685517757836365,
    0.16543267649875545,
    44421.02975307862,
    -721657.6831522672,
    1569231.8332519003
  ],
  "0008_WV03_15MAR15_140133-P1BS-500497284070_01_P001.png": [
    1128,
    1159,
    3774329.9987224382,
    3563105.425994151,
    106088.95894528252,
    -1235628.462046914,
    28500.62805133762,
    -0.03953339394165626,
    -0.0029353442873752585,
    0.9990588396382751,
    -0.017604813489256674,
    -37876.076530768136,
    429790.2997195774,
    1238817.6541055774
  ],
  "0009_WV03_15MAR21_135704-P1BS-500497282060_01_P001.png": [
    1133,
    1161,
    4068369.7060491317,
    3990245.424188348,
    -16396.107241352845,
    -744802.1202416719,
    -7601.211712213608,
    0.041720366868073434,
    0.00351982448170157,
    0.998046170641963,
    0.04637739849242439,
    5979.083869975362,
    247369.371507223,
    1324307.8761081395
  ],
  "0010_WV03_15MAR22_141208-P1BS-500497285090_01_P001.png": [
    1072,
    1074,
    1220035.209543841,
    1214020.0000441999,
    -3369.4598319704933,
    83643.28771829116,
    93.20341664088778,
    -0.22328583421877823,
    -0.014767277190633765,
    0.9726009593558357,
    0.06302965668403526,
    1368.1607544810508,
    -28752.203991962306,
    420001.5940303805
  ],
  "0011_WV03_15APR02_134718-P1BS-500497282050_01_P001.png": [
    1006,
    1061,
    4906761.089756908,
    4382618.271997054,
    247969.6669024192,
    2212134.717930198,
    -126852.80046254244,
    0.2861725419969041,
    0.05556242545164473,
    0.9409184925504214,
    0.17230926690576862,
    -112221.3711115838,
    -891882.3276880323,
    1767403.576344009
  ],
  "0012_WV03_15APR02_134804-P1BS-500497284080_01_P001.png": [
    1022,
    1153,
    4210802.8769711135,
    4234043.1223103665,
    644028.820007258,
    417575.7671734445,
    -62408.05078087715,
    0.2767470101920653,
    0.03835930588270859,
    0.9323536732579175,
    0.22946957088995115,
    -238230.85201878904,
    -152076.9577330409,
    1543954.6313545802
  ],
  "0013_WV03_15APR03_140238-P1BS-500497283030_01_P001.png": [
    1148,
    1163,
    4382275.901611827,
    4309918.680755241,
    56382.536855493236,
    764176.198230541,
    -6903.2756385557195,
    -0.007981325621700659,
    0.00018200208168355175,
    0.9999656866528157,
    0.0022115228973144862,
    -18072.087506425796,
    -246011.9156941697,
    1388613.2284433125
  ],
  "0014_WV03_15APR22_140347-P1BS-500497282070_01_P001.png": [
    1168,
    1159,
    1278819.0115268102,
    1273095.7042258228,
    93.57804755712141,
    88115.71030312534,
    873.0413476974843,
    -0.03924295181703576,
    -0.0029743963121652475,
    0.9961744152822855,
    0.07802357359324669,
    177.23777841621916,
    -27703.62765940815,
    402884.2615646798
  ],
  "0015_WV03_15MAY04_135349-P1BS-500497283060_01_P001.png": [
    1115,
    1179,
    1283753.9214078588,
    1285003.0303284996,
    14900.5328807979,
    22916.13546438863,
    544.0693780501944,
    0.1553923386150238,
    0.02091186616618823,
    0.9785830284862088,
    0.1333835496302343,
    -4843.532953694627,
    -7523.195738684328,
    432370.2365284199
  ],
  "0016_WV03_15MAY05_140810-P1BS-500497282090_01_P001.png": [
    1085,
    1122,
    3526633.924025856,
    3396066.667225603,
    86224.59590707332,
    948146.6542868224,
    -18100.19939203669,
    -0.057726957777781134,
    0.0076636663456301985,
    0.9955209035533482,
    -0.07447816560704443,
    -31101.485903143624,
    -337354.5823766589,
    1209130.6802027677
  ],
  "0017_WV03_15JUN12_140737-P1BS-500497284090_01_P001.png": [
    1082,
    1132,
    3399099.946378255,
    3184843.9397647157,
    125351.9628760281,
    -1184712.251103591,
    38002.679265370694,
    -0.07187034689443204,
    -0.00911323671638791,
    0.9969441672658087,
    0.029222072282923204,
    -47950.88195432586,
    436603.36566416826,
    1173206.2838653729
  ],
  "0018_WV03_15JUN18_140207-P1BS-500497285040_01_P001.png": [
    1140,
    1177,
    3919972.7890969035,
    3693416.447367976,
    -87438.68551523075,
    1286806.6208501142,
    35654.56937352603,
    0.07527931495976528,
    -0.0010564735870025434,
    0.9964654203032421,
    0.037263584672326884,
    32853.77693873228,
    -446702.24609635794,
    1282767.6144995121
  ],
  "0019_WV03_15JUN19_141753-P1BS-500497283090_01_P001.png": [
    1059,
    1028,
    5354627.075260168,
    4969024.208241683,
    91833.53759066263,
    -2021249.9116066655,
    35121.82276131464,
    -0.22081381705452166,
    0.04252780524985893,
    0.9558578372967379,
    -0.18912545798185237,
    -36678.11625492365,
    757170.6506233034,
    1860940.0544663959
  ],
  "0020_WV03_15JUN24_135730-P1BS-500497285080_01_P001.png": [
    1082,
    1168,
    3919064.722165065,
    3539496.478734203,
    -116379.17941803453,
    1660536.413282963,
    63740.88152263226,
    0.16749106357882995,
    0.008434382115388335,
    0.9826387346238197,
    0.07935188741588048,
    50668.93294757255,
    -634555.5849513686,
    1353089.6355390744
  ],